,sum_sq,df,F,PR(>F)
C(Activity_Group),1153.139153219718,2.0,23.236957442432033,8.442381805566607e-11
Residual,319859.36327900697,12891.0,,
